chifflot-5,skylake-avx512,der1der1,CUDA,120,samples,1343,M
chifflot-5,skylake-avx512,der1der1,CUDA,120,time,0.261533,s
chifflot-5,skylake-avx512,der1der1hm,CUDA,24,samples,117,M
chifflot-5,skylake-avx512,der1der1hm,CUDA,24,time,0.149491,s
chifflot-5,skylake-avx512,der1der1lm,OpenACC-CPU,248,samples,281,M
chifflot-5,skylake-avx512,der1der1lm,OpenACC-CPU,248,time,7.824143,s
chifflot-5,skylake-avx512,der1der1lm,OpenMP,24,samples,45,M
chifflot-5,skylake-avx512,der1der1lm,OpenMP,24,time,0.394140,s
chifflot-5,skylake-avx512,der1der1,OpenMP,88,samples,89,M
chifflot-5,skylake-avx512,der1der1,OpenMP,88,time,1.939279,s
chifflot-5,skylake-avx512,der1der1hm,CUDA,280,samples,1055,M
chifflot-5,skylake-avx512,der1der1hm,CUDA,280,time,2.879057,s
chifflot-5,skylake-avx512,original,OpenMP,88,samples,23,M
chifflot-5,skylake-avx512,original,OpenMP,88,time,7.564487,s
chifflot-5,skylake-avx512,der1der1,OpenACC-CPU,472,samples,267,M
chifflot-5,skylake-avx512,der1der1,OpenACC-CPU,472,time,47.907980,s
chifflot-5,skylake-avx512,der1der1lm,OpenMP,408,samples,139,M
chifflot-5,skylake-avx512,der1der1lm,OpenMP,408,time,61.190563,s
chifflot-5,skylake-avx512,original,OpenACC-CPU,472,samples,228,M
chifflot-5,skylake-avx512,original,OpenACC-CPU,472,time,56.200406,s
chifflot-5,skylake-avx512,der1der1hm,OpenACC-GPU,504,samples,1306,M
chifflot-5,skylake-avx512,der1der1hm,OpenACC-GPU,504,time,11.790828,s
chifflot-5,skylake-avx512,der1der1,CUDA,88,samples,1058,M
chifflot-5,skylake-avx512,der1der1,CUDA,88,time,0.163400,s
chifflot-5,skylake-avx512,der1der1hm,CUDA,504,samples,1264,M
chifflot-5,skylake-avx512,der1der1hm,CUDA,504,time,12.186315,s
chifflot-5,skylake-avx512,der1der1lm,OpenACC-CPU,408,samples,305,M
chifflot-5,skylake-avx512,der1der1lm,OpenACC-CPU,408,time,27.909780,s
chifflot-5,skylake-avx512,der1der1,OpenACC-CPU,120,samples,202,M
chifflot-5,skylake-avx512,der1der1,OpenACC-CPU,120,time,1.737695,s
chifflot-5,skylake-avx512,original,OpenMP,408,samples,101,M
chifflot-5,skylake-avx512,original,OpenMP,408,time,84.633265,s
chifflot-5,skylake-avx512,der1der1hm,CUDA,312,samples,1071,M
chifflot-5,skylake-avx512,der1der1hm,CUDA,312,time,3.800575,s
chifflot-5,skylake-avx512,der1der1lm,OpenMP,376,samples,131,M
chifflot-5,skylake-avx512,der1der1lm,OpenMP,376,time,51.660653,s
chifflot-5,skylake-avx512,original,OpenMP,344,samples,81,M
chifflot-5,skylake-avx512,original,OpenMP,344,time,65.709652,s
chifflot-5,skylake-avx512,der1der1hm,OpenMP,440,samples,259,M
chifflot-5,skylake-avx512,der1der1hm,OpenMP,440,time,40.649986,s
chifflot-5,skylake-avx512,der1der1,CUDA,440,samples,1317,M
chifflot-5,skylake-avx512,der1der1,CUDA,440,time,7.982187,s
chifflot-5,skylake-avx512,der1der1,OpenACC-GPU,248,samples,1760,M
chifflot-5,skylake-avx512,der1der1,OpenACC-GPU,248,time,1.246936,s
chifflot-5,skylake-avx512,original,OpenACC-GPU,184,samples,266,M
chifflot-5,skylake-avx512,original,OpenACC-GPU,184,time,3.783653,s
chifflot-5,skylake-avx512,der1der1lm,OpenMP,280,samples,98,M
chifflot-5,skylake-avx512,der1der1lm,OpenMP,280,time,31.028176,s
chifflot-5,skylake-avx512,der1der1hm,OpenACC-CPU,216,samples,217,M
chifflot-5,skylake-avx512,der1der1hm,OpenACC-CPU,216,time,7.018280,s
chifflot-5,skylake-avx512,der1der1lm,OpenACC-GPU,56,samples,215,M
chifflot-5,skylake-avx512,der1der1lm,OpenACC-GPU,56,time,0.316921,s
chifflot-5,skylake-avx512,der1der1lm,OpenACC-GPU,216,samples,752,M
chifflot-5,skylake-avx512,der1der1lm,OpenACC-GPU,216,time,2.027528,s
chifflot-5,skylake-avx512,der1der1lm,CUDA,312,samples,1070,M
chifflot-5,skylake-avx512,der1der1lm,CUDA,312,time,3.804017,s
chifflot-5,skylake-avx512,der1der1,OpenACC-CPU,280,samples,215,M
chifflot-5,skylake-avx512,der1der1,OpenACC-CPU,280,time,14.151405,s
chifflot-5,skylake-avx512,der1der1lm,OpenMP,312,samples,111,M
chifflot-5,skylake-avx512,der1der1lm,OpenMP,312,time,36.650659,s
chifflot-5,skylake-avx512,der1der1lm,OpenACC-GPU,184,samples,684,M
chifflot-5,skylake-avx512,der1der1lm,OpenACC-GPU,184,time,1.472674,s
chifflot-5,skylake-avx512,original,OpenACC-GPU,24,samples,200,M
chifflot-5,skylake-avx512,original,OpenACC-GPU,24,time,0.087741,s
chifflot-5,skylake-avx512,der1der1hm,CUDA,440,samples,1218,M
chifflot-5,skylake-avx512,der1der1hm,CUDA,440,time,8.635839,s
chifflot-5,skylake-avx512,der1der1,OpenACC-GPU,184,samples,1748,M
chifflot-5,skylake-avx512,der1der1,OpenACC-GPU,184,time,0.576675,s
chifflot-5,skylake-avx512,original,OpenACC-GPU,248,samples,262,M
chifflot-5,skylake-avx512,original,OpenACC-GPU,248,time,8.375647,s
chifflot-5,skylake-avx512,der1der1lm,OpenACC-GPU,376,samples,1051,M
chifflot-5,skylake-avx512,der1der1lm,OpenACC-GPU,376,time,6.462821,s
chifflot-5,skylake-avx512,original,OpenMP,56,samples,28,M
chifflot-5,skylake-avx512,original,OpenMP,56,time,2.427902,s
chifflot-5,skylake-avx512,der1der1hm,OpenACC-CPU,472,samples,246,M
chifflot-5,skylake-avx512,der1der1hm,OpenACC-CPU,472,time,51.974084,s
chifflot-5,skylake-avx512,original,CUDA,376,samples,718,M
chifflot-5,skylake-avx512,original,CUDA,376,time,9.462066,s
chifflot-5,skylake-avx512,original,CUDA,408,samples,744,M
chifflot-5,skylake-avx512,original,CUDA,408,time,11.444409,s
chifflot-5,skylake-avx512,der1der1hm,CUDA,56,samples,280,M
chifflot-5,skylake-avx512,der1der1hm,CUDA,56,time,0.243137,s
chifflot-5,skylake-avx512,der1der1lm,OpenACC-CPU,472,samples,245,M
chifflot-5,skylake-avx512,der1der1lm,OpenACC-CPU,472,time,52.182444,s
chifflot-5,skylake-avx512,der1der1lm,OpenACC-CPU,440,samples,293,M
chifflot-5,skylake-avx512,der1der1lm,OpenACC-CPU,440,time,35.836007,s
chifflot-5,skylake-avx512,der1der1lm,CUDA,472,samples,1260,M
chifflot-5,skylake-avx512,der1der1lm,CUDA,472,time,10.162648,s
chifflot-5,skylake-avx512,original,OpenACC-GPU,376,samples,246,M
chifflot-5,skylake-avx512,original,OpenACC-GPU,376,time,27.645275,s
chifflot-5,skylake-avx512,der1der1lm,OpenACC-GPU,504,samples,1172,M
chifflot-5,skylake-avx512,der1der1lm,OpenACC-GPU,504,time,13.134929,s
chifflot-5,skylake-avx512,der1der1lm,OpenMP,248,samples,86,M
chifflot-5,skylake-avx512,der1der1lm,OpenMP,248,time,25.547791,s
chifflot-5,skylake-avx512,der1der1,OpenACC-CPU,216,samples,180,M
chifflot-5,skylake-avx512,der1der1,OpenACC-CPU,216,time,8.488342,s
chifflot-5,skylake-avx512,original,OpenMP,376,samples,96,M
chifflot-5,skylake-avx512,original,OpenMP,376,time,70.853371,s
chifflot-5,skylake-avx512,der1der1,OpenACC-CPU,312,samples,250,M
chifflot-5,skylake-avx512,der1der1,OpenACC-CPU,312,time,16.289669,s
chifflot-5,skylake-avx512,der1der1hm,OpenMP,376,samples,239,M
chifflot-5,skylake-avx512,der1der1hm,OpenMP,376,time,28.397709,s
chifflot-5,skylake-avx512,original,CUDA,440,samples,720,M
chifflot-5,skylake-avx512,original,CUDA,440,time,14.602523,s
chifflot-5,skylake-avx512,der1der1,OpenACC-GPU,472,samples,1453,M
chifflot-5,skylake-avx512,der1der1,OpenACC-GPU,472,time,8.809801,s
chifflot-5,skylake-avx512,der1der1hm,OpenACC-GPU,248,samples,1045,M
chifflot-5,skylake-avx512,der1der1hm,OpenACC-GPU,248,time,2.100804,s
chifflot-5,skylake-avx512,original,CUDA,56,samples,278,M
chifflot-5,skylake-avx512,original,CUDA,56,time,0.245384,s
chifflot-5,skylake-avx512,original,OpenMP,504,samples,103,M
chifflot-5,skylake-avx512,original,OpenMP,504,time,149.877322,s
chifflot-5,skylake-avx512,der1der1lm,CUDA,120,samples,651,M
chifflot-5,skylake-avx512,der1der1lm,CUDA,120,time,0.539122,s
chifflot-5,skylake-avx512,der1der1,OpenACC-GPU,120,samples,1737,M
chifflot-5,skylake-avx512,der1der1,OpenACC-GPU,120,time,0.202234,s
chifflot-5,skylake-avx512,original,CUDA,248,samples,788,M
chifflot-5,skylake-avx512,original,CUDA,248,time,2.785291,s
chifflot-5,skylake-avx512,der1der1,CUDA,376,samples,1301,M
chifflot-5,skylake-avx512,der1der1,CUDA,376,time,5.219144,s
chifflot-5,skylake-avx512,original,OpenACC-GPU,440,samples,236,M
chifflot-5,skylake-avx512,original,OpenACC-GPU,440,time,44.523515,s
chifflot-5,skylake-avx512,der1der1hm,CUDA,216,samples,868,M
chifflot-5,skylake-avx512,der1der1hm,CUDA,216,time,1.757159,s
chifflot-5,skylake-avx512,der1der1lm,OpenMP,472,samples,113,M
chifflot-5,skylake-avx512,der1der1lm,OpenMP,472,time,112.907663,s
chifflot-5,skylake-avx512,original,OpenACC-GPU,56,samples,234,M
chifflot-5,skylake-avx512,original,OpenACC-GPU,56,time,0.291259,s
chifflot-5,skylake-avx512,der1der1hm,OpenACC-GPU,440,samples,1276,M
chifflot-5,skylake-avx512,der1der1hm,OpenACC-GPU,440,time,8.238611,s
chifflot-5,skylake-avx512,der1der1,CUDA,56,samples,630,M
chifflot-5,skylake-avx512,der1der1,CUDA,56,time,0.108254,s
chifflot-5,skylake-avx512,der1der1,OpenACC-CPU,24,samples,83,M
chifflot-5,skylake-avx512,der1der1,OpenACC-CPU,24,time,0.210346,s
chifflot-5,skylake-avx512,der1der1lm,OpenMP,344,samples,116,M
chifflot-5,skylake-avx512,der1der1lm,OpenMP,344,time,45.638635,s
chifflot-5,skylake-avx512,original,CUDA,184,samples,781,M
chifflot-5,skylake-avx512,original,CUDA,184,time,1.290080,s
chifflot-5,skylake-avx512,der1der1lm,OpenACC-GPU,440,samples,1088,M
chifflot-5,skylake-avx512,der1der1lm,OpenACC-GPU,440,time,9.667998,s
chifflot-5,skylake-avx512,der1der1,OpenACC-GPU,152,samples,1777,M
chifflot-5,skylake-avx512,der1der1,OpenACC-GPU,152,time,0.350600,s
chifflot-5,skylake-avx512,der1der1,OpenMP,440,samples,263,M
chifflot-5,skylake-avx512,der1der1,OpenMP,440,time,40.011492,s
chifflot-5,skylake-avx512,original,CUDA,120,samples,771,M
chifflot-5,skylake-avx512,original,CUDA,120,time,0.455658,s
chifflot-5,skylake-avx512,der1der1hm,OpenACC-CPU,312,samples,294,M
chifflot-5,skylake-avx512,der1der1hm,OpenACC-CPU,312,time,13.862462,s
chifflot-5,skylake-avx512,der1der1,OpenACC-GPU,504,samples,1426,M
chifflot-5,skylake-avx512,der1der1,OpenACC-GPU,504,time,10.801735,s
chifflot-5,skylake-avx512,der1der1,OpenMP,312,samples,233,M
chifflot-5,skylake-avx512,der1der1,OpenMP,312,time,17.460053,s
chifflot-5,skylake-avx512,original,OpenACC-CPU,216,samples,213,M
chifflot-5,skylake-avx512,original,OpenACC-CPU,216,time,7.155189,s
chifflot-5,skylake-avx512,original,CUDA,88,samples,509,M
chifflot-5,skylake-avx512,original,CUDA,88,time,0.339327,s
chifflot-5,skylake-avx512,der1der1hm,OpenACC-CPU,440,samples,280,M
chifflot-5,skylake-avx512,der1der1hm,OpenACC-CPU,440,time,37.517821,s
chifflot-5,skylake-avx512,der1der1,OpenMP,504,samples,269,M
chifflot-5,skylake-avx512,der1der1,OpenMP,504,time,57.202820,s
chifflot-5,skylake-avx512,original,OpenACC-CPU,440,samples,281,M
chifflot-5,skylake-avx512,original,OpenACC-CPU,440,time,37.421174,s
chifflot-5,skylake-avx512,der1der1hm,OpenMP,120,samples,92,M
chifflot-5,skylake-avx512,der1der1hm,OpenMP,120,time,3.835738,s
chifflot-5,skylake-avx512,original,OpenMP,24,samples,54,M
chifflot-5,skylake-avx512,original,OpenMP,24,time,0.326777,s
chifflot-5,skylake-avx512,der1der1hm,OpenACC-GPU,472,samples,1343,M
chifflot-5,skylake-avx512,der1der1hm,OpenACC-GPU,472,time,9.531187,s
chifflot-5,skylake-avx512,der1der1lm,OpenACC-CPU,312,samples,314,M
chifflot-5,skylake-avx512,der1der1lm,OpenACC-CPU,312,time,12.956919,s
chifflot-5,skylake-avx512,der1der1hm,CUDA,152,samples,666,M
chifflot-5,skylake-avx512,der1der1hm,CUDA,152,time,0.935878,s
chifflot-5,skylake-avx512,original,OpenACC-GPU,408,samples,236,M
chifflot-5,skylake-avx512,original,OpenACC-GPU,408,time,36.087550,s
chifflot-5,skylake-avx512,der1der1hm,OpenMP,344,samples,223,M
chifflot-5,skylake-avx512,der1der1hm,OpenMP,344,time,23.829610,s
chifflot-5,skylake-avx512,der1der1,OpenACC-GPU,376,samples,1678,M
chifflot-5,skylake-avx512,der1der1,OpenACC-GPU,376,time,4.047065,s
chifflot-5,skylake-avx512,der1der1lm,OpenACC-CPU,24,samples,14,M
chifflot-5,skylake-avx512,der1der1lm,OpenACC-CPU,24,time,1.273472,s
chifflot-5,skylake-avx512,der1der1hm,OpenACC-CPU,504,samples,261,M
chifflot-5,skylake-avx512,der1der1hm,OpenACC-CPU,504,time,58.897532,s
chifflot-5,skylake-avx512,der1der1hm,OpenMP,216,samples,166,M
chifflot-5,skylake-avx512,der1der1hm,OpenMP,216,time,9.177053,s
chifflot-5,skylake-avx512,original,OpenACC-GPU,280,samples,261,M
chifflot-5,skylake-avx512,original,OpenACC-GPU,280,time,11.620229,s
chifflot-5,skylake-avx512,original,OpenMP,248,samples,72,M
chifflot-5,skylake-avx512,original,OpenMP,248,time,30.398830,s
chifflot-5,skylake-avx512,der1der1hm,CUDA,344,samples,1112,M
chifflot-5,skylake-avx512,der1der1hm,CUDA,344,time,4.780297,s
chifflot-5,skylake-avx512,der1der1hm,OpenACC-CPU,344,samples,277,M
chifflot-5,skylake-avx512,der1der1hm,OpenACC-CPU,344,time,19.177437,s
chifflot-5,skylake-avx512,der1der1lm,CUDA,24,samples,113,M
chifflot-5,skylake-avx512,der1der1lm,CUDA,24,time,0.155061,s
chifflot-5,skylake-avx512,der1der1hm,OpenACC-CPU,24,samples,8,M
chifflot-5,skylake-avx512,der1der1hm,OpenACC-CPU,24,time,2.225926,s
chifflot-5,skylake-avx512,der1der1lm,CUDA,152,samples,664,M
chifflot-5,skylake-avx512,der1der1lm,CUDA,152,time,0.937711,s
chifflot-5,skylake-avx512,original,OpenMP,312,samples,90,M
chifflot-5,skylake-avx512,original,OpenMP,312,time,45.012236,s
chifflot-5,skylake-avx512,der1der1lm,CUDA,344,samples,1119,M
chifflot-5,skylake-avx512,der1der1lm,CUDA,344,time,4.749916,s
chifflot-5,skylake-avx512,der1der1,OpenMP,216,samples,165,M
chifflot-5,skylake-avx512,der1der1,OpenMP,216,time,9.226677,s
chifflot-5,skylake-avx512,der1der1,OpenMP,184,samples,148,M
chifflot-5,skylake-avx512,der1der1,OpenMP,184,time,6.803779,s
chifflot-5,skylake-avx512,original,CUDA,24,samples,112,M
chifflot-5,skylake-avx512,original,CUDA,24,time,0.156651,s
chifflot-5,skylake-avx512,original,OpenACC-GPU,344,samples,247,M
chifflot-5,skylake-avx512,original,OpenACC-GPU,344,time,21.486418,s
chifflot-5,skylake-avx512,der1der1,OpenMP,24,samples,166,M
chifflot-5,skylake-avx512,der1der1,OpenMP,24,time,0.105554,s
chifflot-5,skylake-avx512,der1der1,OpenMP,280,samples,206,M
chifflot-5,skylake-avx512,der1der1,OpenMP,280,time,14.766681,s
chifflot-5,skylake-avx512,original,OpenACC-CPU,344,samples,226,M
chifflot-5,skylake-avx512,original,OpenACC-CPU,344,time,23.529563,s
chifflot-5,skylake-avx512,der1der1,OpenACC-GPU,88,samples,1680,M
chifflot-5,skylake-avx512,der1der1,OpenACC-GPU,88,time,0.102855,s
chifflot-5,skylake-avx512,der1der1,CUDA,216,samples,1274,M
chifflot-5,skylake-avx512,der1der1,CUDA,216,time,1.197020,s
chifflot-5,skylake-avx512,der1der1,OpenMP,56,samples,109,M
chifflot-5,skylake-avx512,der1der1,OpenMP,56,time,0.623991,s
chifflot-5,skylake-avx512,der1der1lm,OpenACC-CPU,184,samples,247,M
chifflot-5,skylake-avx512,der1der1lm,OpenACC-CPU,184,time,4.079032,s
chifflot-5,skylake-avx512,der1der1,OpenACC-CPU,344,samples,243,M
chifflot-5,skylake-avx512,der1der1,OpenACC-CPU,344,time,21.875966,s
chifflot-5,skylake-avx512,der1der1,OpenMP,152,samples,135,M
chifflot-5,skylake-avx512,der1der1,OpenMP,152,time,4.626325,s
chifflot-5,skylake-avx512,der1der1hm,OpenMP,408,samples,258,M
chifflot-5,skylake-avx512,der1der1hm,OpenMP,408,time,33.043263,s
chifflot-5,skylake-avx512,der1der1,OpenMP,248,samples,192,M
chifflot-5,skylake-avx512,der1der1,OpenMP,248,time,11.435279,s
chifflot-5,skylake-avx512,original,OpenACC-GPU,152,samples,252,M
chifflot-5,skylake-avx512,original,OpenACC-GPU,152,time,2.471035,s
chifflot-5,skylake-avx512,original,CUDA,472,samples,729,M
chifflot-5,skylake-avx512,original,CUDA,472,time,17.571172,s
chifflot-5,skylake-avx512,der1der1,OpenACC-CPU,184,samples,203,M
chifflot-5,skylake-avx512,der1der1,OpenACC-CPU,184,time,4.971880,s
chifflot-5,skylake-avx512,original,OpenACC-CPU,120,samples,210,M
chifflot-5,skylake-avx512,original,OpenACC-CPU,120,time,1.671106,s
chifflot-5,skylake-avx512,original,OpenACC-CPU,152,samples,240,M
chifflot-5,skylake-avx512,original,OpenACC-CPU,152,time,2.595619,s
chifflot-5,skylake-avx512,der1der1hm,OpenMP,312,samples,232,M
chifflot-5,skylake-avx512,der1der1hm,OpenMP,312,time,17.568005,s
chifflot-5,skylake-avx512,der1der1,OpenACC-GPU,56,samples,1562,M
chifflot-5,skylake-avx512,der1der1,OpenACC-GPU,56,time,0.043617,s
chifflot-5,skylake-avx512,original,OpenACC-CPU,504,samples,284,M
chifflot-5,skylake-avx512,original,OpenACC-CPU,504,time,54.234499,s
chifflot-5,skylake-avx512,original,OpenMP,152,samples,41,M
chifflot-5,skylake-avx512,original,OpenMP,152,time,15.017629,s
chifflot-5,skylake-avx512,der1der1hm,OpenMP,248,samples,192,M
chifflot-5,skylake-avx512,der1der1hm,OpenMP,248,time,11.440253,s
chifflot-5,skylake-avx512,der1der1lm,OpenACC-GPU,88,samples,342,M
chifflot-5,skylake-avx512,der1der1lm,OpenACC-GPU,88,time,0.505682,s
chifflot-5,skylake-avx512,der1der1lm,OpenMP,184,samples,56,M
chifflot-5,skylake-avx512,der1der1lm,OpenMP,184,time,17.928112,s
chifflot-5,skylake-avx512,der1der1lm,OpenMP,440,samples,144,M
chifflot-5,skylake-avx512,der1der1lm,OpenMP,440,time,72.927851,s
chifflot-5,skylake-avx512,der1der1lm,OpenACC-GPU,472,samples,1169,M
chifflot-5,skylake-avx512,der1der1lm,OpenACC-GPU,472,time,10.947025,s
chifflot-5,skylake-avx512,der1der1,OpenACC-CPU,152,samples,167,M
chifflot-5,skylake-avx512,der1der1,OpenACC-CPU,152,time,3.732726,s
chifflot-5,skylake-avx512,der1der1lm,CUDA,408,samples,1213,M
chifflot-5,skylake-avx512,der1der1lm,CUDA,408,time,7.021896,s
chifflot-5,skylake-avx512,original,CUDA,344,samples,714,M
chifflot-5,skylake-avx512,original,CUDA,344,time,7.439814,s
chifflot-5,skylake-avx512,original,OpenMP,472,samples,55,M
chifflot-5,skylake-avx512,original,OpenMP,472,time,231.396000,s
chifflot-5,skylake-avx512,der1der1,OpenACC-CPU,408,samples,265,M
chifflot-5,skylake-avx512,der1der1,OpenACC-CPU,408,time,32.195704,s
chifflot-5,skylake-avx512,der1der1hm,OpenACC-GPU,312,samples,1119,M
chifflot-5,skylake-avx512,der1der1hm,OpenACC-GPU,312,time,3.636761,s
chifflot-5,skylake-avx512,der1der1,OpenACC-CPU,504,samples,287,M
chifflot-5,skylake-avx512,der1der1,OpenACC-CPU,504,time,53.610628,s
chifflot-5,skylake-avx512,der1der1lm,CUDA,504,samples,1273,M
chifflot-5,skylake-avx512,der1der1lm,CUDA,504,time,12.095778,s
chifflot-5,skylake-avx512,der1der1lm,CUDA,56,samples,279,M
chifflot-5,skylake-avx512,der1der1lm,CUDA,56,time,0.244674,s
chifflot-5,skylake-avx512,der1der1,OpenACC-GPU,216,samples,1800,M
chifflot-5,skylake-avx512,der1der1,OpenACC-GPU,216,time,0.847276,s
chifflot-5,skylake-avx512,der1der1hm,CUDA,88,samples,461,M
chifflot-5,skylake-avx512,der1der1hm,CUDA,88,time,0.374662,s
chifflot-5,skylake-avx512,original,OpenMP,216,samples,51,M
chifflot-5,skylake-avx512,original,OpenMP,216,time,29.648376,s
chifflot-5,skylake-avx512,der1der1hm,OpenMP,280,samples,213,M
chifflot-5,skylake-avx512,der1der1hm,OpenMP,280,time,14.282685,s
chifflot-5,skylake-avx512,der1der1,OpenMP,344,samples,210,M
chifflot-5,skylake-avx512,der1der1,OpenMP,344,time,25.343591,s
chifflot-5,skylake-avx512,der1der1hm,OpenACC-CPU,152,samples,191,M
chifflot-5,skylake-avx512,der1der1hm,OpenACC-CPU,152,time,3.258733,s
chifflot-5,skylake-avx512,der1der1lm,OpenACC-GPU,312,samples,922,M
chifflot-5,skylake-avx512,der1der1lm,OpenACC-GPU,312,time,4.417169,s
chifflot-5,skylake-avx512,der1der1lm,OpenACC-CPU,504,samples,278,M
chifflot-5,skylake-avx512,der1der1lm,OpenACC-CPU,504,time,55.445037,s
chifflot-5,skylake-avx512,der1der1lm,OpenACC-CPU,216,samples,269,M
chifflot-5,skylake-avx512,der1der1lm,OpenACC-CPU,216,time,5.679371,s
chifflot-5,skylake-avx512,original,OpenMP,280,samples,77,M
chifflot-5,skylake-avx512,original,OpenMP,280,time,39.200209,s
chifflot-5,skylake-avx512,der1der1hm,OpenACC-CPU,248,samples,265,M
chifflot-5,skylake-avx512,der1der1hm,OpenACC-CPU,248,time,8.270177,s
chifflot-5,skylake-avx512,der1der1hm,OpenACC-CPU,408,samples,291,M
chifflot-5,skylake-avx512,der1der1hm,OpenACC-CPU,408,time,29.248662,s
chifflot-5,skylake-avx512,der1der1hm,OpenACC-GPU,280,samples,1116,M
chifflot-5,skylake-avx512,der1der1hm,OpenACC-GPU,280,time,2.721256,s
chifflot-5,skylake-avx512,der1der1lm,OpenACC-CPU,56,samples,61,M
chifflot-5,skylake-avx512,der1der1lm,OpenACC-CPU,56,time,1.117877,s
chifflot-5,skylake-avx512,der1der1lm,OpenACC-CPU,88,samples,111,M
chifflot-5,skylake-avx512,der1der1lm,OpenACC-CPU,88,time,1.553470,s
chifflot-5,skylake-avx512,der1der1hm,OpenACC-GPU,24,samples,190,M
chifflot-5,skylake-avx512,der1der1hm,OpenACC-GPU,24,time,0.092387,s
chifflot-5,skylake-avx512,der1der1,CUDA,152,samples,1136,M
chifflot-5,skylake-avx512,der1der1,CUDA,152,time,0.548316,s
chifflot-5,skylake-avx512,der1der1,OpenACC-GPU,408,samples,1574,M
chifflot-5,skylake-avx512,der1der1,OpenACC-GPU,408,time,5.410359,s
chifflot-5,skylake-avx512,original,OpenACC-GPU,504,samples,228,M
chifflot-5,skylake-avx512,original,OpenACC-GPU,504,time,67.547903,s
chifflot-5,skylake-avx512,der1der1lm,OpenACC-GPU,344,samples,1006,M
chifflot-5,skylake-avx512,der1der1lm,OpenACC-GPU,344,time,5.286332,s
chifflot-5,skylake-avx512,der1der1lm,OpenACC-GPU,152,samples,556,M
chifflot-5,skylake-avx512,der1der1lm,OpenACC-GPU,152,time,1.121097,s
chifflot-5,skylake-avx512,der1der1lm,OpenMP,120,samples,31,M
chifflot-5,skylake-avx512,der1der1lm,OpenMP,120,time,11.348761,s
chifflot-5,skylake-avx512,der1der1hm,OpenACC-GPU,56,samples,396,M
chifflot-5,skylake-avx512,der1der1hm,OpenACC-GPU,56,time,0.171963,s
chifflot-5,skylake-avx512,der1der1lm,OpenMP,152,samples,45,M
chifflot-5,skylake-avx512,der1der1lm,OpenMP,152,time,13.976216,s
chifflot-5,skylake-avx512,original,OpenACC-GPU,312,samples,248,M
chifflot-5,skylake-avx512,original,OpenACC-GPU,312,time,16.411994,s
chifflot-5,skylake-avx512,der1der1hm,OpenACC-GPU,184,samples,903,M
chifflot-5,skylake-avx512,der1der1hm,OpenACC-GPU,184,time,1.115845,s
chifflot-5,skylake-avx512,der1der1lm,CUDA,216,samples,864,M
chifflot-5,skylake-avx512,der1der1lm,CUDA,216,time,1.765214,s
chifflot-5,skylake-avx512,der1der1hm,OpenACC-GPU,152,samples,794,M
chifflot-5,skylake-avx512,der1der1hm,OpenACC-GPU,152,time,0.784167,s
chifflot-5,skylake-avx512,der1der1,OpenMP,376,samples,251,M
chifflot-5,skylake-avx512,der1der1,OpenMP,376,time,27.018918,s
chifflot-5,skylake-avx512,der1der1,OpenACC-CPU,248,samples,206,M
chifflot-5,skylake-avx512,der1der1,OpenACC-CPU,248,time,10.651992,s
chifflot-5,skylake-avx512,original,OpenACC-GPU,120,samples,250,M
chifflot-5,skylake-avx512,original,OpenACC-GPU,120,time,1.406424,s
chifflot-5,skylake-avx512,der1der1lm,OpenACC-GPU,24,samples,91,M
chifflot-5,skylake-avx512,der1der1lm,OpenACC-GPU,24,time,0.192252,s
chifflot-5,skylake-avx512,original,OpenACC-CPU,184,samples,231,M
chifflot-5,skylake-avx512,original,OpenACC-CPU,184,time,4.367660,s
chifflot-5,skylake-avx512,original,OpenACC-CPU,312,samples,276,M
chifflot-5,skylake-avx512,original,OpenACC-CPU,312,time,14.760771,s
chifflot-5,skylake-avx512,original,OpenMP,184,samples,51,M
chifflot-5,skylake-avx512,original,OpenMP,184,time,19.773759,s
chifflot-5,skylake-avx512,der1der1,CUDA,24,samples,257,M
chifflot-5,skylake-avx512,der1der1,CUDA,24,time,0.068353,s
chifflot-5,skylake-avx512,original,OpenACC-GPU,88,samples,246,M
chifflot-5,skylake-avx512,original,OpenACC-GPU,88,time,0.701061,s
chifflot-5,skylake-avx512,original,OpenACC-CPU,248,samples,266,M
chifflot-5,skylake-avx512,original,OpenACC-CPU,248,time,8.239156,s
chifflot-5,skylake-avx512,der1der1hm,OpenACC-GPU,216,samples,1014,M
chifflot-5,skylake-avx512,der1der1hm,OpenACC-GPU,216,time,1.504613,s
chifflot-5,skylake-avx512,der1der1lm,CUDA,184,samples,834,M
chifflot-5,skylake-avx512,der1der1lm,CUDA,184,time,1.208768,s
chifflot-5,skylake-avx512,der1der1lm,OpenACC-GPU,248,samples,826,M
chifflot-5,skylake-avx512,der1der1lm,OpenACC-GPU,248,time,2.657386,s
chifflot-5,skylake-avx512,original,OpenACC-CPU,408,samples,299,M
chifflot-5,skylake-avx512,original,OpenACC-CPU,408,time,28.447150,s
chifflot-5,skylake-avx512,der1der1lm,OpenACC-GPU,120,samples,423,M
chifflot-5,skylake-avx512,der1der1lm,OpenACC-GPU,120,time,0.830418,s
chifflot-5,skylake-avx512,der1der1hm,OpenMP,152,samples,126,M
chifflot-5,skylake-avx512,der1der1hm,OpenMP,152,time,4.959825,s
chifflot-5,skylake-avx512,der1der1,CUDA,408,samples,1377,M
chifflot-5,skylake-avx512,der1der1,CUDA,408,time,6.188033,s
chifflot-5,skylake-avx512,der1der1hm,OpenACC-GPU,408,samples,1262,M
chifflot-5,skylake-avx512,der1der1hm,OpenACC-GPU,408,time,6.751149,s
chifflot-5,skylake-avx512,der1der1hm,OpenACC-CPU,184,samples,224,M
chifflot-5,skylake-avx512,der1der1hm,OpenACC-CPU,184,time,4.489632,s
chifflot-5,skylake-avx512,der1der1lm,OpenMP,56,samples,34,M
chifflot-5,skylake-avx512,der1der1lm,OpenMP,56,time,2.026639,s
chifflot-5,skylake-avx512,der1der1lm,OpenMP,88,samples,27,M
chifflot-5,skylake-avx512,der1der1lm,OpenMP,88,time,6.440994,s
chifflot-5,skylake-avx512,der1der1hm,CUDA,184,samples,829,M
chifflot-5,skylake-avx512,der1der1hm,CUDA,184,time,1.215139,s
chifflot-5,skylake-avx512,der1der1lm,CUDA,376,samples,1155,M
chifflot-5,skylake-avx512,der1der1lm,CUDA,376,time,5.881651,s
chifflot-5,skylake-avx512,original,OpenACC-CPU,24,samples,107,M
chifflot-5,skylake-avx512,original,OpenACC-CPU,24,time,0.164145,s
chifflot-5,skylake-avx512,der1der1,OpenACC-CPU,56,samples,130,M
chifflot-5,skylake-avx512,der1der1,OpenACC-CPU,56,time,0.523816,s
chifflot-5,skylake-avx512,der1der1hm,CUDA,120,samples,654,M
chifflot-5,skylake-avx512,der1der1hm,CUDA,120,time,0.537011,s
chifflot-5,skylake-avx512,original,CUDA,504,samples,724,M
chifflot-5,skylake-avx512,original,CUDA,504,time,21.266454,s
chifflot-5,skylake-avx512,der1der1hm,OpenACC-GPU,376,samples,1212,M
chifflot-5,skylake-avx512,der1der1hm,OpenACC-GPU,376,time,5.602283,s
chifflot-5,skylake-avx512,der1der1,CUDA,504,samples,1335,M
chifflot-5,skylake-avx512,der1der1,CUDA,504,time,11.535013,s
chifflot-5,skylake-avx512,der1der1,CUDA,248,samples,1390,M
chifflot-5,skylake-avx512,der1der1,CUDA,248,time,1.578980,s
chifflot-5,skylake-avx512,der1der1hm,CUDA,408,samples,1207,M
chifflot-5,skylake-avx512,der1der1hm,CUDA,408,time,7.059752,s
chifflot-5,skylake-avx512,der1der1hm,CUDA,376,samples,1145,M
chifflot-5,skylake-avx512,der1der1hm,CUDA,376,time,5.932939,s
chifflot-5,skylake-avx512,der1der1lm,CUDA,88,samples,466,M
chifflot-5,skylake-avx512,der1der1lm,CUDA,88,time,0.371045,s
chifflot-5,skylake-avx512,der1der1,CUDA,344,samples,1301,M
chifflot-5,skylake-avx512,der1der1,CUDA,344,time,4.086376,s
chifflot-5,skylake-avx512,der1der1hm,OpenMP,56,samples,91,M
chifflot-5,skylake-avx512,der1der1hm,OpenMP,56,time,0.751760,s
chifflot-5,skylake-avx512,original,CUDA,280,samples,741,M
chifflot-5,skylake-avx512,original,CUDA,280,time,4.096409,s
chifflot-5,skylake-avx512,der1der1lm,CUDA,248,samples,1013,M
chifflot-5,skylake-avx512,der1der1lm,CUDA,248,time,2.166354,s
chifflot-5,skylake-avx512,der1der1lm,OpenMP,216,samples,70,M
chifflot-5,skylake-avx512,der1der1lm,OpenMP,216,time,21.882639,s
chifflot-5,skylake-avx512,original,CUDA,152,samples,590,M
chifflot-5,skylake-avx512,original,CUDA,152,time,1.056539,s
chifflot-5,skylake-avx512,der1der1,CUDA,312,samples,1300,M
chifflot-5,skylake-avx512,der1der1,CUDA,312,time,3.130925,s
chifflot-5,skylake-avx512,der1der1,OpenACC-CPU,376,samples,272,M
chifflot-5,skylake-avx512,der1der1,OpenACC-CPU,376,time,24.977935,s
chifflot-5,skylake-avx512,original,OpenACC-GPU,216,samples,268,M
chifflot-5,skylake-avx512,original,OpenACC-GPU,216,time,5.696505,s
chifflot-5,skylake-avx512,original,CUDA,312,samples,725,M
chifflot-5,skylake-avx512,original,CUDA,312,time,5.612897,s
chifflot-5,skylake-avx512,der1der1hm,OpenMP,24,samples,131,M
chifflot-5,skylake-avx512,der1der1hm,OpenMP,24,time,0.134490,s
chifflot-5,skylake-avx512,der1der1,OpenACC-GPU,24,samples,1113,M
chifflot-5,skylake-avx512,der1der1,OpenACC-GPU,24,time,0.015782,s
chifflot-5,skylake-avx512,der1der1hm,OpenACC-CPU,56,samples,47,M
chifflot-5,skylake-avx512,der1der1hm,OpenACC-CPU,56,time,1.451052,s
chifflot-5,skylake-avx512,der1der1lm,OpenMP,504,samples,151,M
chifflot-5,skylake-avx512,der1der1lm,OpenMP,504,time,102.212340,s
chifflot-5,skylake-avx512,original,OpenACC-CPU,88,samples,187,M
chifflot-5,skylake-avx512,original,OpenACC-CPU,88,time,0.921762,s
chifflot-5,skylake-avx512,der1der1lm,OpenACC-CPU,344,samples,298,M
chifflot-5,skylake-avx512,der1der1lm,OpenACC-CPU,344,time,17.833329,s
chifflot-5,skylake-avx512,der1der1,OpenMP,472,samples,214,M
chifflot-5,skylake-avx512,der1der1,OpenMP,472,time,59.727170,s
chifflot-5,skylake-avx512,der1der1lm,OpenACC-CPU,376,samples,307,M
chifflot-5,skylake-avx512,der1der1lm,OpenACC-CPU,376,time,22.158330,s
chifflot-5,skylake-avx512,der1der1hm,OpenACC-GPU,344,samples,1211,M
chifflot-5,skylake-avx512,der1der1hm,OpenACC-GPU,344,time,4.390747,s
chifflot-5,skylake-avx512,der1der1,CUDA,472,samples,1346,M
chifflot-5,skylake-avx512,der1der1,CUDA,472,time,9.511732,s
chifflot-5,skylake-avx512,der1der1hm,OpenACC-CPU,280,samples,285,M
chifflot-5,skylake-avx512,der1der1hm,OpenACC-CPU,280,time,10.651188,s
chifflot-5,skylake-avx512,original,OpenACC-CPU,56,samples,183,M
chifflot-5,skylake-avx512,original,OpenACC-CPU,56,time,0.372372,s
chifflot-5,skylake-avx512,der1der1hm,OpenMP,88,samples,76,M
chifflot-5,skylake-avx512,der1der1hm,OpenMP,88,time,2.273381,s
chifflot-5,skylake-avx512,der1der1,OpenMP,120,samples,115,M
chifflot-5,skylake-avx512,der1der1,OpenMP,120,time,3.060575,s
chifflot-5,skylake-avx512,der1der1lm,CUDA,440,samples,1220,M
chifflot-5,skylake-avx512,der1der1lm,CUDA,440,time,8.619070,s
chifflot-5,skylake-avx512,der1der1hm,OpenACC-CPU,88,samples,92,M
chifflot-5,skylake-avx512,der1der1hm,OpenACC-CPU,88,time,1.883835,s
chifflot-5,skylake-avx512,original,OpenACC-CPU,280,samples,259,M
chifflot-5,skylake-avx512,original,OpenACC-CPU,280,time,11.715126,s
chifflot-5,skylake-avx512,der1der1lm,CUDA,280,samples,1045,M
chifflot-5,skylake-avx512,der1der1lm,CUDA,280,time,2.905016,s
chifflot-5,skylake-avx512,der1der1,CUDA,184,samples,1365,M
chifflot-5,skylake-avx512,der1der1,CUDA,184,time,0.738074,s
chifflot-5,skylake-avx512,original,OpenACC-GPU,472,samples,236,M
chifflot-5,skylake-avx512,original,OpenACC-GPU,472,time,54.167634,s
chifflot-5,skylake-avx512,der1der1hm,OpenACC-GPU,88,samples,573,M
chifflot-5,skylake-avx512,der1der1hm,OpenACC-GPU,88,time,0.301503,s
chifflot-5,skylake-avx512,der1der1lm,OpenACC-CPU,280,samples,294,M
chifflot-5,skylake-avx512,der1der1lm,OpenACC-CPU,280,time,10.343171,s
chifflot-5,skylake-avx512,der1der1hm,OpenMP,472,samples,217,M
chifflot-5,skylake-avx512,der1der1hm,OpenMP,472,time,58.984606,s
chifflot-5,skylake-avx512,der1der1,OpenACC-GPU,440,samples,1578,M
chifflot-5,skylake-avx512,der1der1,OpenACC-GPU,440,time,6.661879,s
chifflot-5,skylake-avx512,der1der1lm,OpenACC-GPU,280,samples,922,M
chifflot-5,skylake-avx512,der1der1lm,OpenACC-GPU,280,time,3.292410,s
chifflot-5,skylake-avx512,der1der1hm,OpenMP,504,samples,232,M
chifflot-5,skylake-avx512,der1der1hm,OpenMP,504,time,66.506531,s
chifflot-5,skylake-avx512,original,OpenACC-CPU,376,samples,290,M
chifflot-5,skylake-avx512,original,OpenACC-CPU,376,time,23.454158,s
chifflot-5,skylake-avx512,der1der1,OpenACC-GPU,280,samples,1779,M
chifflot-5,skylake-avx512,der1der1,OpenACC-GPU,280,time,1.707346,s
chifflot-5,skylake-avx512,der1der1,OpenACC-GPU,344,samples,1712,M
chifflot-5,skylake-avx512,der1der1,OpenACC-GPU,344,time,3.104804,s
chifflot-5,skylake-avx512,original,OpenMP,440,samples,102,M
chifflot-5,skylake-avx512,original,OpenMP,440,time,103.153585,s
chifflot-5,skylake-avx512,der1der1,OpenMP,408,samples,261,M
chifflot-5,skylake-avx512,der1der1,OpenMP,408,time,32.630868,s
chifflot-5,skylake-avx512,der1der1lm,OpenACC-CPU,120,samples,166,M
chifflot-5,skylake-avx512,der1der1lm,OpenACC-CPU,120,time,2.121485,s
chifflot-5,skylake-avx512,der1der1,OpenACC-CPU,440,samples,291,M
chifflot-5,skylake-avx512,der1der1,OpenACC-CPU,440,time,36.162306,s
chifflot-5,skylake-avx512,der1der1hm,OpenMP,184,samples,150,M
chifflot-5,skylake-avx512,der1der1hm,OpenMP,184,time,6.701014,s
chifflot-5,skylake-avx512,der1der1lm,OpenACC-GPU,408,samples,1120,M
chifflot-5,skylake-avx512,der1der1lm,OpenACC-GPU,408,time,7.603207,s
chifflot-5,skylake-avx512,der1der1,OpenACC-GPU,312,samples,1689,M
chifflot-5,skylake-avx512,der1der1,OpenACC-GPU,312,time,2.409838,s
chifflot-5,skylake-avx512,der1der1hm,CUDA,248,samples,1008,M
chifflot-5,skylake-avx512,der1der1hm,CUDA,248,time,2.176896,s
chifflot-5,skylake-avx512,original,CUDA,216,samples,694,M
chifflot-5,skylake-avx512,original,CUDA,216,time,2.199311,s
chifflot-5,skylake-avx512,original,OpenMP,120,samples,31,M
chifflot-5,skylake-avx512,original,OpenMP,120,time,11.384351,s
chifflot-5,skylake-avx512,der1der1hm,OpenACC-CPU,376,samples,313,M
chifflot-5,skylake-avx512,der1der1hm,OpenACC-CPU,376,time,21.668963,s
chifflot-5,skylake-avx512,der1der1,OpenACC-CPU,88,samples,165,M
chifflot-5,skylake-avx512,der1der1,OpenACC-CPU,88,time,1.045507,s
chifflot-5,skylake-avx512,der1der1hm,OpenACC-CPU,120,samples,144,M
chifflot-5,skylake-avx512,der1der1hm,OpenACC-CPU,120,time,2.440214,s
chifflot-5,skylake-avx512,der1der1hm,OpenACC-GPU,120,samples,682,M
chifflot-5,skylake-avx512,der1der1hm,OpenACC-GPU,120,time,0.515002,s
chifflot-5,skylake-avx512,der1der1hm,CUDA,472,samples,1260,M
chifflot-5,skylake-avx512,der1der1hm,CUDA,472,time,10.164296,s
chifflot-5,skylake-avx512,der1der1,CUDA,280,samples,1355,M
chifflot-5,skylake-avx512,der1der1,CUDA,280,time,2.241908,s
chifflot-5,skylake-avx512,der1der1lm,OpenACC-CPU,152,samples,202,M
chifflot-5,skylake-avx512,der1der1lm,OpenACC-CPU,152,time,3.084703,s
