chifflot-4,skylake-avx512,der1der1lm,OpenMP,504,samples,277,M
chifflot-4,skylake-avx512,der1der1lm,OpenMP,504,time,55.545676,s
chifflot-4,skylake-avx512,der1der1hm,OpenACC-CPU,120,samples,138,M
chifflot-4,skylake-avx512,der1der1hm,OpenACC-CPU,120,time,2.546663,s
chifflot-4,skylake-avx512,der1der1,OpenMP,504,samples,299,M
chifflot-4,skylake-avx512,der1der1,OpenMP,504,time,51.449624,s
chifflot-4,skylake-avx512,original,OpenACC-CPU,472,samples,217,M
chifflot-4,skylake-avx512,original,OpenACC-CPU,472,time,59.050544,s
chifflot-4,skylake-avx512,der1der1hm,CUDA,376,samples,1144,M
chifflot-4,skylake-avx512,der1der1hm,CUDA,376,time,5.938052,s
chifflot-4,skylake-avx512,der1der1hm,OpenACC-GPU,440,samples,1275,M
chifflot-4,skylake-avx512,der1der1hm,OpenACC-GPU,440,time,8.245887,s
chifflot-4,skylake-avx512,der1der1,OpenMP,440,samples,288,M
chifflot-4,skylake-avx512,der1der1,OpenMP,440,time,36.493196,s
chifflot-4,skylake-avx512,der1der1,OpenACC-CPU,344,samples,243,M
chifflot-4,skylake-avx512,der1der1,OpenACC-CPU,344,time,21.881588,s
chifflot-4,skylake-avx512,der1der1lm,OpenACC-GPU,216,samples,748,M
chifflot-4,skylake-avx512,der1der1lm,OpenACC-GPU,216,time,2.038466,s
chifflot-4,skylake-avx512,original,CUDA,408,samples,748,M
chifflot-4,skylake-avx512,original,CUDA,408,time,11.385141,s
chifflot-4,skylake-avx512,der1der1lm,CUDA,504,samples,1272,M
chifflot-4,skylake-avx512,der1der1lm,CUDA,504,time,12.104980,s
chifflot-4,skylake-avx512,original,OpenACC-GPU,24,samples,201,M
chifflot-4,skylake-avx512,original,OpenACC-GPU,24,time,0.087158,s
chifflot-4,skylake-avx512,der1der1hm,OpenACC-CPU,344,samples,278,M
chifflot-4,skylake-avx512,der1der1hm,OpenACC-CPU,344,time,19.137390,s
chifflot-4,skylake-avx512,der1der1,CUDA,344,samples,1301,M
chifflot-4,skylake-avx512,der1der1,CUDA,344,time,4.087284,s
chifflot-4,skylake-avx512,original,CUDA,120,samples,802,M
chifflot-4,skylake-avx512,original,CUDA,120,time,0.437668,s
chifflot-4,skylake-avx512,der1der1,OpenMP,88,samples,175,M
chifflot-4,skylake-avx512,der1der1,OpenMP,88,time,0.986640,s
chifflot-4,skylake-avx512,der1der1lm,OpenMP,184,samples,314,M
chifflot-4,skylake-avx512,der1der1lm,OpenMP,184,time,3.214016,s
chifflot-4,skylake-avx512,der1der1,CUDA,248,samples,1391,M
chifflot-4,skylake-avx512,der1der1,CUDA,248,time,1.577924,s
chifflot-4,skylake-avx512,der1der1,OpenACC-GPU,120,samples,1755,M
chifflot-4,skylake-avx512,der1der1,OpenACC-GPU,120,time,0.200127,s
chifflot-4,skylake-avx512,der1der1hm,OpenMP,344,samples,333,M
chifflot-4,skylake-avx512,der1der1hm,OpenMP,344,time,15.971088,s
chifflot-4,skylake-avx512,der1der1,OpenMP,376,samples,288,M
chifflot-4,skylake-avx512,der1der1,OpenMP,376,time,23.615235,s
chifflot-4,skylake-avx512,der1der1hm,OpenACC-CPU,184,samples,226,M
chifflot-4,skylake-avx512,der1der1hm,OpenACC-CPU,184,time,4.465872,s
chifflot-4,skylake-avx512,der1der1hm,CUDA,216,samples,868,M
chifflot-4,skylake-avx512,der1der1hm,CUDA,216,time,1.757435,s
chifflot-4,skylake-avx512,der1der1lm,OpenACC-CPU,440,samples,285,M
chifflot-4,skylake-avx512,der1der1lm,OpenACC-CPU,440,time,36.875298,s
chifflot-4,skylake-avx512,original,CUDA,280,samples,746,M
chifflot-4,skylake-avx512,original,CUDA,280,time,4.072766,s
chifflot-4,skylake-avx512,der1der1hm,OpenACC-GPU,24,samples,189,M
chifflot-4,skylake-avx512,der1der1hm,OpenACC-GPU,24,time,0.093006,s
chifflot-4,skylake-avx512,der1der1,CUDA,120,samples,1356,M
chifflot-4,skylake-avx512,der1der1,CUDA,120,time,0.258943,s
chifflot-4,skylake-avx512,original,OpenMP,376,samples,214,M
chifflot-4,skylake-avx512,original,OpenMP,376,time,31.775416,s
chifflot-4,skylake-avx512,der1der1lm,OpenMP,472,samples,276,M
chifflot-4,skylake-avx512,der1der1lm,OpenMP,472,time,46.425440,s
chifflot-4,skylake-avx512,der1der1,OpenMP,152,samples,216,M
chifflot-4,skylake-avx512,der1der1,OpenMP,152,time,2.882470,s
chifflot-4,skylake-avx512,original,OpenACC-CPU,88,samples,178,M
chifflot-4,skylake-avx512,original,OpenACC-CPU,88,time,0.970208,s
chifflot-4,skylake-avx512,der1der1lm,OpenACC-CPU,184,samples,255,M
chifflot-4,skylake-avx512,der1der1lm,OpenACC-CPU,184,time,3.957982,s
chifflot-4,skylake-avx512,original,OpenACC-GPU,344,samples,247,M
chifflot-4,skylake-avx512,original,OpenACC-GPU,344,time,21.496456,s
chifflot-4,skylake-avx512,der1der1lm,OpenACC-CPU,88,samples,106,M
chifflot-4,skylake-avx512,der1der1lm,OpenACC-CPU,88,time,1.637033,s
chifflot-4,skylake-avx512,original,OpenACC-CPU,344,samples,226,M
chifflot-4,skylake-avx512,original,OpenACC-CPU,344,time,23.543940,s
chifflot-4,skylake-avx512,original,OpenACC-CPU,280,samples,267,M
chifflot-4,skylake-avx512,original,OpenACC-CPU,280,time,11.379560,s
chifflot-4,skylake-avx512,der1der1hm,CUDA,24,samples,113,M
chifflot-4,skylake-avx512,der1der1hm,CUDA,24,time,0.155800,s
chifflot-4,skylake-avx512,der1der1hm,OpenACC-CPU,472,samples,236,M
chifflot-4,skylake-avx512,der1der1hm,OpenACC-CPU,472,time,54.242711,s
chifflot-4,skylake-avx512,der1der1,OpenMP,408,samples,278,M
chifflot-4,skylake-avx512,der1der1,OpenMP,408,time,30.620207,s
chifflot-4,skylake-avx512,der1der1hm,OpenMP,24,samples,21,M
chifflot-4,skylake-avx512,der1der1hm,OpenMP,24,time,0.830065,s
chifflot-4,skylake-avx512,der1der1hm,OpenMP,88,samples,148,M
chifflot-4,skylake-avx512,der1der1hm,OpenMP,88,time,1.171311,s
chifflot-4,skylake-avx512,der1der1,OpenACC-GPU,24,samples,1102,M
chifflot-4,skylake-avx512,der1der1,OpenACC-GPU,24,time,0.015933,s
chifflot-4,skylake-avx512,der1der1lm,OpenACC-CPU,56,samples,54,M
chifflot-4,skylake-avx512,der1der1lm,OpenACC-CPU,56,time,1.259007,s
chifflot-4,skylake-avx512,der1der1lm,OpenMP,120,samples,178,M
chifflot-4,skylake-avx512,der1der1lm,OpenMP,120,time,1.970595,s
chifflot-4,skylake-avx512,der1der1lm,OpenACC-CPU,24,samples,16,M
chifflot-4,skylake-avx512,der1der1lm,OpenACC-CPU,24,time,1.118333,s
chifflot-4,skylake-avx512,der1der1lm,CUDA,344,samples,1119,M
chifflot-4,skylake-avx512,der1der1lm,CUDA,344,time,4.750964,s
chifflot-4,skylake-avx512,der1der1,OpenACC-CPU,440,samples,281,M
chifflot-4,skylake-avx512,der1der1,OpenACC-CPU,440,time,37.476897,s
chifflot-4,skylake-avx512,der1der1,OpenMP,280,samples,236,M
chifflot-4,skylake-avx512,der1der1,OpenMP,280,time,12.872518,s
chifflot-4,skylake-avx512,original,OpenACC-CPU,536,samples,281,M
chifflot-4,skylake-avx512,original,OpenACC-CPU,536,time,65.235810,s
chifflot-4,skylake-avx512,der1der1lm,OpenACC-GPU,280,samples,920,M
chifflot-4,skylake-avx512,der1der1lm,OpenACC-GPU,280,time,3.302690,s
chifflot-4,skylake-avx512,der1der1lm,OpenACC-GPU,344,samples,1007,M
chifflot-4,skylake-avx512,der1der1lm,OpenACC-GPU,344,time,5.279782,s
chifflot-4,skylake-avx512,der1der1lm,OpenACC-CPU,152,samples,201,M
chifflot-4,skylake-avx512,der1der1lm,OpenACC-CPU,152,time,3.100581,s
chifflot-4,skylake-avx512,der1der1hm,OpenACC-GPU,248,samples,1044,M
chifflot-4,skylake-avx512,der1der1hm,OpenACC-GPU,248,time,2.101959,s
chifflot-4,skylake-avx512,original,CUDA,472,samples,727,M
chifflot-4,skylake-avx512,original,CUDA,472,time,17.610110,s
chifflot-4,skylake-avx512,der1der1hm,OpenMP,152,samples,335,M
chifflot-4,skylake-avx512,der1der1hm,OpenMP,152,time,1.859882,s
chifflot-4,skylake-avx512,der1der1lm,OpenACC-CPU,472,samples,272,M
chifflot-4,skylake-avx512,der1der1lm,OpenACC-CPU,472,time,47.086507,s
chifflot-4,skylake-avx512,original,OpenMP,184,samples,256,M
chifflot-4,skylake-avx512,original,OpenMP,184,time,3.943516,s
chifflot-4,skylake-avx512,der1der1hm,OpenACC-CPU,56,samples,47,M
chifflot-4,skylake-avx512,der1der1hm,OpenACC-CPU,56,time,1.436133,s
chifflot-4,skylake-avx512,der1der1,OpenMP,536,samples,309,M
chifflot-4,skylake-avx512,der1der1,OpenMP,536,time,59.259083,s
chifflot-4,skylake-avx512,der1der1lm,CUDA,88,samples,472,M
chifflot-4,skylake-avx512,der1der1lm,CUDA,88,time,0.366005,s
chifflot-4,skylake-avx512,der1der1hm,OpenACC-GPU,504,samples,1305,M
chifflot-4,skylake-avx512,der1der1hm,OpenACC-GPU,504,time,11.800339,s
chifflot-4,skylake-avx512,der1der1lm,OpenMP,56,samples,92,M
chifflot-4,skylake-avx512,der1der1lm,OpenMP,56,time,0.741735,s
chifflot-4,skylake-avx512,der1der1hm,OpenACC-CPU,216,samples,213,M
chifflot-4,skylake-avx512,der1der1hm,OpenACC-CPU,216,time,7.177339,s
chifflot-4,skylake-avx512,original,OpenACC-GPU,120,samples,250,M
chifflot-4,skylake-avx512,original,OpenACC-GPU,120,time,1.405039,s
chifflot-4,skylake-avx512,der1der1hm,OpenACC-GPU,280,samples,1115,M
chifflot-4,skylake-avx512,der1der1hm,OpenACC-GPU,280,time,2.723780,s
chifflot-4,skylake-avx512,der1der1lm,CUDA,376,samples,1161,M
chifflot-4,skylake-avx512,der1der1lm,CUDA,376,time,5.850352,s
chifflot-4,skylake-avx512,original,OpenACC-GPU,440,samples,236,M
chifflot-4,skylake-avx512,original,OpenACC-GPU,440,time,44.527619,s
chifflot-4,skylake-avx512,der1der1hm,CUDA,440,samples,1223,M
chifflot-4,skylake-avx512,der1der1hm,CUDA,440,time,8.599704,s
chifflot-4,skylake-avx512,original,OpenACC-CPU,216,samples,211,M
chifflot-4,skylake-avx512,original,OpenACC-CPU,216,time,7.238171,s
chifflot-4,skylake-avx512,original,OpenMP,152,samples,264,M
chifflot-4,skylake-avx512,original,OpenMP,152,time,2.361876,s
chifflot-4,skylake-avx512,der1der1lm,OpenMP,312,samples,378,M
chifflot-4,skylake-avx512,der1der1lm,OpenMP,312,time,10.756813,s
chifflot-4,skylake-avx512,der1der1hm,CUDA,56,samples,285,M
chifflot-4,skylake-avx512,der1der1hm,CUDA,56,time,0.238766,s
chifflot-4,skylake-avx512,der1der1hm,OpenACC-GPU,216,samples,1015,M
chifflot-4,skylake-avx512,der1der1hm,OpenACC-GPU,216,time,1.503069,s
chifflot-4,skylake-avx512,original,OpenMP,312,samples,217,M
chifflot-4,skylake-avx512,original,OpenMP,312,time,18.788448,s
chifflot-4,skylake-avx512,der1der1hm,OpenACC-CPU,152,samples,190,M
chifflot-4,skylake-avx512,der1der1hm,OpenACC-CPU,152,time,3.280373,s
chifflot-4,skylake-avx512,der1der1hm,OpenACC-CPU,440,samples,280,M
chifflot-4,skylake-avx512,der1der1hm,OpenACC-CPU,440,time,37.613705,s
chifflot-4,skylake-avx512,der1der1,CUDA,24,samples,255,M
chifflot-4,skylake-avx512,der1der1,CUDA,24,time,0.068950,s
chifflot-4,skylake-avx512,der1der1hm,CUDA,280,samples,1052,M
chifflot-4,skylake-avx512,der1der1hm,CUDA,280,time,2.888197,s
chifflot-4,skylake-avx512,der1der1lm,CUDA,312,samples,1077,M
chifflot-4,skylake-avx512,der1der1lm,CUDA,312,time,3.778832,s
chifflot-4,skylake-avx512,der1der1hm,CUDA,344,samples,1119,M
chifflot-4,skylake-avx512,der1der1hm,CUDA,344,time,4.751904,s
chifflot-4,skylake-avx512,der1der1lm,CUDA,56,samples,299,M
chifflot-4,skylake-avx512,der1der1lm,CUDA,56,time,0.228012,s
chifflot-4,skylake-avx512,der1der1,OpenACC-GPU,216,samples,1801,M
chifflot-4,skylake-avx512,der1der1,OpenACC-GPU,216,time,0.847036,s
chifflot-4,skylake-avx512,der1der1lm,CUDA,184,samples,845,M
chifflot-4,skylake-avx512,der1der1lm,CUDA,184,time,1.192474,s
chifflot-4,skylake-avx512,der1der1hm,OpenMP,280,samples,304,M
chifflot-4,skylake-avx512,der1der1hm,OpenMP,280,time,9.989651,s
chifflot-4,skylake-avx512,der1der1,CUDA,88,samples,1075,M
chifflot-4,skylake-avx512,der1der1,CUDA,88,time,0.160748,s
chifflot-4,skylake-avx512,der1der1,OpenMP,344,samples,231,M
chifflot-4,skylake-avx512,der1der1,OpenMP,344,time,23.030119,s
chifflot-4,skylake-avx512,der1der1,OpenACC-CPU,248,samples,234,M
chifflot-4,skylake-avx512,der1der1,OpenACC-CPU,248,time,9.377051,s
chifflot-4,skylake-avx512,original,OpenACC-GPU,56,samples,231,M
chifflot-4,skylake-avx512,original,OpenACC-GPU,56,time,0.294653,s
chifflot-4,skylake-avx512,original,CUDA,248,samples,786,M
chifflot-4,skylake-avx512,original,CUDA,248,time,2.794450,s
chifflot-4,skylake-avx512,original,OpenMP,472,samples,155,M
chifflot-4,skylake-avx512,original,OpenMP,472,time,82.740517,s
chifflot-4,skylake-avx512,der1der1lm,OpenMP,280,samples,385,M
chifflot-4,skylake-avx512,der1der1lm,OpenMP,280,time,7.894800,s
chifflot-4,skylake-avx512,der1der1lm,OpenACC-CPU,216,samples,255,M
chifflot-4,skylake-avx512,der1der1lm,OpenACC-CPU,216,time,5.974466,s
chifflot-4,skylake-avx512,original,OpenMP,56,samples,137,M
chifflot-4,skylake-avx512,original,OpenMP,56,time,0.496061,s
chifflot-4,skylake-avx512,der1der1lm,OpenACC-CPU,120,samples,162,M
chifflot-4,skylake-avx512,der1der1lm,OpenACC-CPU,120,time,2.170050,s
chifflot-4,skylake-avx512,der1der1hm,CUDA,152,samples,675,M
chifflot-4,skylake-avx512,der1der1hm,CUDA,152,time,0.922433,s
chifflot-4,skylake-avx512,original,OpenACC-CPU,152,samples,240,M
chifflot-4,skylake-avx512,original,OpenACC-CPU,152,time,2.594616,s
chifflot-4,skylake-avx512,der1der1lm,CUDA,24,samples,114,M
chifflot-4,skylake-avx512,der1der1lm,CUDA,24,time,0.154274,s
chifflot-4,skylake-avx512,original,OpenACC-GPU,280,samples,261,M
chifflot-4,skylake-avx512,original,OpenACC-GPU,280,time,11.624620,s
chifflot-4,skylake-avx512,original,CUDA,536,samples,,M
chifflot-4,skylake-avx512,original,CUDA,536,time,,s
chifflot-4,skylake-avx512,der1der1,OpenACC-GPU,88,samples,1756,M
chifflot-4,skylake-avx512,der1der1,OpenACC-GPU,88,time,0.098378,s
chifflot-4,skylake-avx512,der1der1,OpenACC-CPU,376,samples,272,M
chifflot-4,skylake-avx512,der1der1,OpenACC-CPU,376,time,24.947876,s
chifflot-4,skylake-avx512,original,OpenACC-GPU,184,samples,266,M
chifflot-4,skylake-avx512,original,OpenACC-GPU,184,time,3.781867,s
chifflot-4,skylake-avx512,der1der1,OpenMP,216,samples,190,M
chifflot-4,skylake-avx512,der1der1,OpenMP,216,time,8.022071,s
chifflot-4,skylake-avx512,der1der1,OpenACC-CPU,504,samples,307,M
chifflot-4,skylake-avx512,der1der1,OpenACC-CPU,504,time,50.149120,s
chifflot-4,skylake-avx512,der1der1,OpenACC-CPU,280,samples,257,M
chifflot-4,skylake-avx512,der1der1,OpenACC-CPU,280,time,11.835839,s
chifflot-4,skylake-avx512,der1der1lm,OpenACC-CPU,280,samples,301,M
chifflot-4,skylake-avx512,der1der1lm,OpenACC-CPU,280,time,10.084191,s
chifflot-4,skylake-avx512,der1der1hm,CUDA,536,samples,,M
chifflot-4,skylake-avx512,der1der1hm,CUDA,536,time,,s
chifflot-4,skylake-avx512,der1der1,CUDA,216,samples,1276,M
chifflot-4,skylake-avx512,der1der1,CUDA,216,time,1.195120,s
chifflot-4,skylake-avx512,original,CUDA,152,samples,595,M
chifflot-4,skylake-avx512,original,CUDA,152,time,1.047032,s
chifflot-4,skylake-avx512,der1der1,OpenMP,312,samples,257,M
chifflot-4,skylake-avx512,der1der1,OpenMP,312,time,15.851773,s
chifflot-4,skylake-avx512,der1der1,OpenACC-GPU,440,samples,1572,M
chifflot-4,skylake-avx512,der1der1,OpenACC-GPU,440,time,6.690510,s
chifflot-4,skylake-avx512,der1der1,OpenMP,120,samples,206,M
chifflot-4,skylake-avx512,der1der1,OpenMP,120,time,1.708879,s
chifflot-4,skylake-avx512,der1der1lm,OpenACC-GPU,440,samples,1091,M
chifflot-4,skylake-avx512,der1der1lm,OpenACC-GPU,440,time,9.636976,s
chifflot-4,skylake-avx512,der1der1lm,OpenMP,24,samples,26,M
chifflot-4,skylake-avx512,der1der1lm,OpenMP,24,time,0.686804,s
chifflot-4,skylake-avx512,der1der1lm,OpenACC-CPU,248,samples,273,M
chifflot-4,skylake-avx512,der1der1lm,OpenACC-CPU,248,time,8.027818,s
chifflot-4,skylake-avx512,der1der1,OpenMP,56,samples,150,M
chifflot-4,skylake-avx512,der1der1,OpenMP,56,time,0.454020,s
chifflot-4,skylake-avx512,original,OpenMP,88,samples,165,M
chifflot-4,skylake-avx512,original,OpenMP,88,time,1.046737,s
chifflot-4,skylake-avx512,der1der1hm,OpenACC-GPU,312,samples,1118,M
chifflot-4,skylake-avx512,der1der1hm,OpenACC-GPU,312,time,3.640894,s
chifflot-4,skylake-avx512,der1der1lm,OpenMP,88,samples,133,M
chifflot-4,skylake-avx512,der1der1lm,OpenMP,88,time,1.297205,s
chifflot-4,skylake-avx512,original,OpenMP,440,samples,226,M
chifflot-4,skylake-avx512,original,OpenMP,440,time,46.599747,s
chifflot-4,skylake-avx512,der1der1,CUDA,472,samples,1346,M
chifflot-4,skylake-avx512,der1der1,CUDA,472,time,9.514047,s
chifflot-4,skylake-avx512,der1der1,CUDA,408,samples,1376,M
chifflot-4,skylake-avx512,der1der1,CUDA,408,time,6.191741,s
chifflot-4,skylake-avx512,der1der1hm,OpenACC-GPU,472,samples,1341,M
chifflot-4,skylake-avx512,der1der1hm,OpenACC-GPU,472,time,9.545935,s
chifflot-4,skylake-avx512,der1der1hm,OpenACC-CPU,408,samples,275,M
chifflot-4,skylake-avx512,der1der1hm,OpenACC-CPU,408,time,30.959348,s
chifflot-4,skylake-avx512,der1der1lm,OpenACC-CPU,504,samples,273,M
chifflot-4,skylake-avx512,der1der1lm,OpenACC-CPU,504,time,56.353399,s
chifflot-4,skylake-avx512,der1der1,OpenACC-GPU,312,samples,1687,M
chifflot-4,skylake-avx512,der1der1,OpenACC-GPU,312,time,2.412987,s
chifflot-4,skylake-avx512,der1der1lm,OpenMP,376,samples,377,M
chifflot-4,skylake-avx512,der1der1lm,OpenMP,376,time,18.009397,s
chifflot-4,skylake-avx512,der1der1lm,CUDA,216,samples,875,M
chifflot-4,skylake-avx512,der1der1lm,CUDA,216,time,1.742246,s
chifflot-4,skylake-avx512,der1der1hm,CUDA,184,samples,855,M
chifflot-4,skylake-avx512,der1der1hm,CUDA,184,time,1.178159,s
chifflot-4,skylake-avx512,der1der1lm,CUDA,248,samples,1021,M
chifflot-4,skylake-avx512,der1der1lm,CUDA,248,time,2.150344,s
chifflot-4,skylake-avx512,original,OpenACC-CPU,184,samples,230,M
chifflot-4,skylake-avx512,original,OpenACC-CPU,184,time,4.384804,s
chifflot-4,skylake-avx512,der1der1hm,OpenACC-GPU,344,samples,1210,M
chifflot-4,skylake-avx512,der1der1hm,OpenACC-GPU,344,time,4.392343,s
chifflot-4,skylake-avx512,der1der1lm,OpenACC-CPU,376,samples,316,M
chifflot-4,skylake-avx512,der1der1lm,OpenACC-CPU,376,time,21.461092,s
chifflot-4,skylake-avx512,der1der1lm,OpenACC-CPU,344,samples,308,M
chifflot-4,skylake-avx512,der1der1lm,OpenACC-CPU,344,time,17.262990,s
chifflot-4,skylake-avx512,original,OpenACC-GPU,536,samples,227,M
chifflot-4,skylake-avx512,original,OpenACC-GPU,536,time,80.718080,s
chifflot-4,skylake-avx512,der1der1lm,OpenACC-GPU,248,samples,831,M
chifflot-4,skylake-avx512,der1der1lm,OpenACC-GPU,248,time,2.640809,s
chifflot-4,skylake-avx512,der1der1,CUDA,280,samples,1354,M
chifflot-4,skylake-avx512,der1der1,CUDA,280,time,2.242599,s
chifflot-4,skylake-avx512,der1der1hm,OpenACC-CPU,280,samples,281,M
chifflot-4,skylake-avx512,der1der1hm,OpenACC-CPU,280,time,10.816979,s
chifflot-4,skylake-avx512,der1der1,CUDA,440,samples,1318,M
chifflot-4,skylake-avx512,der1der1,CUDA,440,time,7.980936,s
chifflot-4,skylake-avx512,der1der1lm,OpenMP,248,samples,384,M
chifflot-4,skylake-avx512,der1der1lm,OpenMP,248,time,5.718592,s
chifflot-4,skylake-avx512,der1der1hm,OpenMP,120,samples,180,M
chifflot-4,skylake-avx512,der1der1hm,OpenMP,120,time,1.950474,s
chifflot-4,skylake-avx512,der1der1,OpenACC-CPU,184,samples,228,M
chifflot-4,skylake-avx512,der1der1,OpenACC-CPU,184,time,4.421035,s
chifflot-4,skylake-avx512,der1der1hm,OpenACC-CPU,24,samples,15,M
chifflot-4,skylake-avx512,der1der1hm,OpenACC-CPU,24,time,1.141473,s
chifflot-4,skylake-avx512,der1der1,OpenACC-CPU,120,samples,181,M
chifflot-4,skylake-avx512,der1der1,OpenACC-CPU,120,time,1.940548,s
chifflot-4,skylake-avx512,der1der1hm,OpenACC-CPU,536,samples,257,M
chifflot-4,skylake-avx512,der1der1hm,OpenACC-CPU,536,time,71.203502,s
chifflot-4,skylake-avx512,der1der1hm,OpenACC-CPU,376,samples,277,M
chifflot-4,skylake-avx512,der1der1hm,OpenACC-CPU,376,time,24.501728,s
chifflot-4,skylake-avx512,der1der1hm,OpenACC-GPU,120,samples,679,M
chifflot-4,skylake-avx512,der1der1hm,OpenACC-GPU,120,time,0.516839,s
chifflot-4,skylake-avx512,original,OpenACC-GPU,376,samples,246,M
chifflot-4,skylake-avx512,original,OpenACC-GPU,376,time,27.653317,s
chifflot-4,skylake-avx512,der1der1lm,OpenACC-GPU,184,samples,690,M
chifflot-4,skylake-avx512,der1der1lm,OpenACC-GPU,184,time,1.460660,s
chifflot-4,skylake-avx512,der1der1hm,OpenMP,440,samples,301,M
chifflot-4,skylake-avx512,der1der1hm,OpenMP,440,time,34.966994,s
chifflot-4,skylake-avx512,original,OpenMP,408,samples,224,M
chifflot-4,skylake-avx512,original,OpenMP,408,time,38.043068,s
chifflot-4,skylake-avx512,original,CUDA,440,samples,721,M
chifflot-4,skylake-avx512,original,CUDA,440,time,14.593481,s
chifflot-4,skylake-avx512,der1der1hm,OpenACC-GPU,184,samples,903,M
chifflot-4,skylake-avx512,der1der1hm,OpenACC-GPU,184,time,1.115522,s
chifflot-4,skylake-avx512,der1der1,OpenMP,184,samples,220,M
chifflot-4,skylake-avx512,der1der1,OpenMP,184,time,4.576824,s
chifflot-4,skylake-avx512,original,OpenMP,216,samples,168,M
chifflot-4,skylake-avx512,original,OpenMP,216,time,9.069916,s
chifflot-4,skylake-avx512,original,CUDA,504,samples,720,M
chifflot-4,skylake-avx512,original,CUDA,504,time,21.381463,s
chifflot-4,skylake-avx512,der1der1,OpenACC-CPU,216,samples,222,M
chifflot-4,skylake-avx512,der1der1,OpenACC-CPU,216,time,6.877958,s
chifflot-4,skylake-avx512,original,CUDA,56,samples,277,M
chifflot-4,skylake-avx512,original,CUDA,56,time,0.245629,s
chifflot-4,skylake-avx512,der1der1,CUDA,504,samples,1333,M
chifflot-4,skylake-avx512,der1der1,CUDA,504,time,11.556254,s
chifflot-4,skylake-avx512,der1der1hm,OpenACC-GPU,376,samples,1211,M
chifflot-4,skylake-avx512,der1der1hm,OpenACC-GPU,376,time,5.609407,s
chifflot-4,skylake-avx512,original,CUDA,376,samples,718,M
chifflot-4,skylake-avx512,original,CUDA,376,time,9.457632,s
chifflot-4,skylake-avx512,der1der1,OpenMP,248,samples,261,M
chifflot-4,skylake-avx512,der1der1,OpenMP,248,time,8.423383,s
chifflot-4,skylake-avx512,der1der1,OpenACC-CPU,312,samples,258,M
chifflot-4,skylake-avx512,der1der1,OpenACC-CPU,312,time,15.765116,s
chifflot-4,skylake-avx512,original,CUDA,216,samples,696,M
chifflot-4,skylake-avx512,original,CUDA,216,time,2.191910,s
chifflot-4,skylake-avx512,der1der1hm,CUDA,248,samples,1019,M
chifflot-4,skylake-avx512,der1der1hm,CUDA,248,time,2.154395,s
chifflot-4,skylake-avx512,der1der1hm,OpenMP,248,samples,323,M
chifflot-4,skylake-avx512,der1der1hm,OpenMP,248,time,6.790375,s
chifflot-4,skylake-avx512,original,OpenMP,344,samples,191,M
chifflot-4,skylake-avx512,original,OpenMP,344,time,27.818596,s
chifflot-4,skylake-avx512,der1der1hm,OpenACC-CPU,88,samples,89,M
chifflot-4,skylake-avx512,der1der1hm,OpenACC-CPU,88,time,1.948305,s
chifflot-4,skylake-avx512,original,CUDA,88,samples,497,M
chifflot-4,skylake-avx512,original,CUDA,88,time,0.347688,s
chifflot-4,skylake-avx512,der1der1hm,OpenACC-GPU,408,samples,1262,M
chifflot-4,skylake-avx512,der1der1hm,OpenACC-GPU,408,time,6.751468,s
chifflot-4,skylake-avx512,der1der1,OpenACC-GPU,408,samples,1562,M
chifflot-4,skylake-avx512,der1der1,OpenACC-GPU,408,time,5.452467,s
chifflot-4,skylake-avx512,der1der1,OpenACC-GPU,504,samples,1408,M
chifflot-4,skylake-avx512,der1der1,OpenACC-GPU,504,time,10.936012,s
chifflot-4,skylake-avx512,der1der1lm,OpenMP,152,samples,339,M
chifflot-4,skylake-avx512,der1der1lm,OpenMP,152,time,1.835754,s
chifflot-4,skylake-avx512,der1der1,OpenACC-CPU,88,samples,159,M
chifflot-4,skylake-avx512,der1der1,OpenACC-CPU,88,time,1.089240,s
chifflot-4,skylake-avx512,original,OpenMP,24,samples,82,M
chifflot-4,skylake-avx512,original,OpenMP,24,time,0.213407,s
chifflot-4,skylake-avx512,der1der1lm,OpenACC-GPU,152,samples,560,M
chifflot-4,skylake-avx512,der1der1lm,OpenACC-GPU,152,time,1.112472,s
chifflot-4,skylake-avx512,original,OpenACC-GPU,472,samples,236,M
chifflot-4,skylake-avx512,original,OpenACC-GPU,472,time,54.176353,s
chifflot-4,skylake-avx512,der1der1lm,OpenMP,536,samples,322,M
chifflot-4,skylake-avx512,der1der1lm,OpenMP,536,time,56.923522,s
chifflot-4,skylake-avx512,der1der1lm,OpenMP,344,samples,364,M
chifflot-4,skylake-avx512,der1der1lm,OpenMP,344,time,14.592166,s
chifflot-4,skylake-avx512,der1der1hm,OpenMP,472,samples,235,M
chifflot-4,skylake-avx512,der1der1hm,OpenMP,472,time,54.540095,s
chifflot-4,skylake-avx512,der1der1lm,CUDA,440,samples,1226,M
chifflot-4,skylake-avx512,der1der1lm,CUDA,440,time,8.579516,s
chifflot-4,skylake-avx512,der1der1lm,OpenMP,408,samples,351,M
chifflot-4,skylake-avx512,der1der1lm,OpenMP,408,time,24.283934,s
chifflot-4,skylake-avx512,original,OpenACC-CPU,408,samples,310,M
chifflot-4,skylake-avx512,original,OpenACC-CPU,408,time,27.504907,s
chifflot-4,skylake-avx512,der1der1,OpenACC-GPU,248,samples,1760,M
chifflot-4,skylake-avx512,der1der1,OpenACC-GPU,248,time,1.247358,s
chifflot-4,skylake-avx512,original,CUDA,312,samples,725,M
chifflot-4,skylake-avx512,original,CUDA,312,time,5.615395,s
chifflot-4,skylake-avx512,der1der1hm,OpenMP,536,samples,266,M
chifflot-4,skylake-avx512,der1der1hm,OpenMP,536,time,69.003166,s
chifflot-4,skylake-avx512,der1der1hm,OpenMP,56,samples,144,M
chifflot-4,skylake-avx512,der1der1hm,OpenMP,56,time,0.472225,s
chifflot-4,skylake-avx512,der1der1lm,CUDA,280,samples,1051,M
chifflot-4,skylake-avx512,der1der1lm,CUDA,280,time,2.890547,s
chifflot-4,skylake-avx512,der1der1hm,OpenACC-GPU,56,samples,398,M
chifflot-4,skylake-avx512,der1der1hm,OpenACC-GPU,56,time,0.171098,s
chifflot-4,skylake-avx512,original,OpenACC-GPU,88,samples,248,M
chifflot-4,skylake-avx512,original,OpenACC-GPU,88,time,0.697143,s
chifflot-4,skylake-avx512,original,OpenACC-CPU,440,samples,294,M
chifflot-4,skylake-avx512,original,OpenACC-CPU,440,time,35.784225,s
chifflot-4,skylake-avx512,der1der1lm,OpenACC-GPU,88,samples,345,M
chifflot-4,skylake-avx512,der1der1lm,OpenACC-GPU,88,time,0.500370,s
chifflot-4,skylake-avx512,original,OpenACC-CPU,248,samples,260,M
chifflot-4,skylake-avx512,original,OpenACC-CPU,248,time,8.455874,s
chifflot-4,skylake-avx512,der1der1lm,OpenACC-CPU,312,samples,312,M
chifflot-4,skylake-avx512,der1der1lm,OpenACC-CPU,312,time,13.055850,s
chifflot-4,skylake-avx512,der1der1hm,OpenMP,312,samples,332,M
chifflot-4,skylake-avx512,der1der1hm,OpenMP,312,time,12.268765,s
chifflot-4,skylake-avx512,der1der1lm,OpenACC-GPU,24,samples,93,M
chifflot-4,skylake-avx512,der1der1lm,OpenACC-GPU,24,time,0.189130,s
chifflot-4,skylake-avx512,der1der1lm,OpenMP,440,samples,354,M
chifflot-4,skylake-avx512,der1der1lm,OpenMP,440,time,29.687804,s
chifflot-4,skylake-avx512,der1der1hm,OpenACC-CPU,248,samples,263,M
chifflot-4,skylake-avx512,der1der1hm,OpenACC-CPU,248,time,8.336492,s
chifflot-4,skylake-avx512,der1der1,CUDA,184,samples,1365,M
chifflot-4,skylake-avx512,der1der1,CUDA,184,time,0.738169,s
chifflot-4,skylake-avx512,der1der1,CUDA,152,samples,1138,M
chifflot-4,skylake-avx512,der1der1,CUDA,152,time,0.547469,s
chifflot-4,skylake-avx512,der1der1,OpenACC-GPU,56,samples,1633,M
chifflot-4,skylake-avx512,der1der1,OpenACC-GPU,56,time,0.041729,s
chifflot-4,skylake-avx512,original,OpenMP,248,samples,211,M
chifflot-4,skylake-avx512,original,OpenMP,248,time,10.413462,s
chifflot-4,skylake-avx512,der1der1,OpenACC-CPU,24,samples,40,M
chifflot-4,skylake-avx512,der1der1,OpenACC-CPU,24,time,0.433742,s
chifflot-4,skylake-avx512,der1der1,OpenACC-GPU,344,samples,1708,M
chifflot-4,skylake-avx512,der1der1,OpenACC-GPU,344,time,3.113052,s
chifflot-4,skylake-avx512,original,OpenACC-CPU,120,samples,217,M
chifflot-4,skylake-avx512,original,OpenACC-CPU,120,time,1.617892,s
chifflot-4,skylake-avx512,der1der1lm,OpenACC-GPU,56,samples,226,M
chifflot-4,skylake-avx512,der1der1lm,OpenACC-GPU,56,time,0.301323,s
chifflot-4,skylake-avx512,der1der1,OpenACC-CPU,472,samples,265,M
chifflot-4,skylake-avx512,der1der1,OpenACC-CPU,472,time,48.258915,s
chifflot-4,skylake-avx512,der1der1,OpenACC-GPU,376,samples,1673,M
chifflot-4,skylake-avx512,der1der1,OpenACC-GPU,376,time,4.060459,s
chifflot-4,skylake-avx512,der1der1,OpenACC-CPU,408,samples,291,M
chifflot-4,skylake-avx512,der1der1,OpenACC-CPU,408,time,29.259096,s
chifflot-4,skylake-avx512,der1der1lm,OpenMP,216,samples,312,M
chifflot-4,skylake-avx512,der1der1lm,OpenMP,216,time,4.888042,s
chifflot-4,skylake-avx512,der1der1lm,OpenACC-GPU,504,samples,1175,M
chifflot-4,skylake-avx512,der1der1lm,OpenACC-GPU,504,time,13.107385,s
chifflot-4,skylake-avx512,original,OpenACC-GPU,152,samples,253,M
chifflot-4,skylake-avx512,original,OpenACC-GPU,152,time,2.466530,s
chifflot-4,skylake-avx512,der1der1,OpenMP,472,samples,223,M
chifflot-4,skylake-avx512,der1der1,OpenMP,472,time,57.510552,s
chifflot-4,skylake-avx512,der1der1,OpenACC-CPU,56,samples,90,M
chifflot-4,skylake-avx512,der1der1,OpenACC-CPU,56,time,0.758847,s
chifflot-4,skylake-avx512,der1der1hm,OpenMP,504,samples,266,M
chifflot-4,skylake-avx512,der1der1hm,OpenMP,504,time,57.871381,s
chifflot-4,skylake-avx512,original,OpenMP,536,samples,215,M
chifflot-4,skylake-avx512,original,OpenMP,536,time,85.263301,s
chifflot-4,skylake-avx512,der1der1,OpenMP,24,samples,107,M
chifflot-4,skylake-avx512,der1der1,OpenMP,24,time,0.164180,s
chifflot-4,skylake-avx512,der1der1hm,CUDA,472,samples,1266,M
chifflot-4,skylake-avx512,der1der1hm,CUDA,472,time,10.112985,s
chifflot-4,skylake-avx512,der1der1,OpenACC-GPU,280,samples,1779,M
chifflot-4,skylake-avx512,der1der1,OpenACC-GPU,280,time,1.707165,s
chifflot-4,skylake-avx512,original,CUDA,184,samples,791,M
chifflot-4,skylake-avx512,original,CUDA,184,time,1.274708,s
chifflot-4,skylake-avx512,der1der1lm,OpenACC-GPU,536,samples,1154,M
chifflot-4,skylake-avx512,der1der1lm,OpenACC-GPU,536,time,15.875766,s
chifflot-4,skylake-avx512,original,CUDA,24,samples,118,M
chifflot-4,skylake-avx512,original,CUDA,24,time,0.148817,s
chifflot-4,skylake-avx512,der1der1hm,OpenMP,184,samples,296,M
chifflot-4,skylake-avx512,der1der1hm,OpenMP,184,time,3.403200,s
chifflot-4,skylake-avx512,original,OpenACC-CPU,504,samples,285,M
chifflot-4,skylake-avx512,original,OpenACC-CPU,504,time,54.078812,s
chifflot-4,skylake-avx512,der1der1lm,CUDA,120,samples,664,M
chifflot-4,skylake-avx512,der1der1lm,CUDA,120,time,0.528693,s
chifflot-4,skylake-avx512,original,OpenMP,280,samples,213,M
chifflot-4,skylake-avx512,original,OpenMP,280,time,14.253360,s
chifflot-4,skylake-avx512,der1der1lm,CUDA,408,samples,1217,M
chifflot-4,skylake-avx512,der1der1lm,CUDA,408,time,6.996837,s
chifflot-4,skylake-avx512,der1der1lm,OpenACC-GPU,408,samples,1119,M
chifflot-4,skylake-avx512,der1der1lm,OpenACC-GPU,408,time,7.615540,s
chifflot-4,skylake-avx512,original,OpenACC-GPU,504,samples,228,M
chifflot-4,skylake-avx512,original,OpenACC-GPU,504,time,67.550553,s
chifflot-4,skylake-avx512,der1der1lm,CUDA,152,samples,676,M
chifflot-4,skylake-avx512,der1der1lm,CUDA,152,time,0.921623,s
chifflot-4,skylake-avx512,der1der1hm,OpenMP,216,samples,308,M
chifflot-4,skylake-avx512,der1der1hm,OpenMP,216,time,4.952854,s
chifflot-4,skylake-avx512,der1der1,CUDA,536,samples,,M
chifflot-4,skylake-avx512,der1der1,CUDA,536,time,,s
chifflot-4,skylake-avx512,der1der1hm,CUDA,504,samples,1262,M
chifflot-4,skylake-avx512,der1der1hm,CUDA,504,time,12.198847,s
chifflot-4,skylake-avx512,der1der1lm,OpenACC-CPU,408,samples,294,M
chifflot-4,skylake-avx512,der1der1lm,OpenACC-CPU,408,time,29.005104,s
chifflot-4,skylake-avx512,der1der1,OpenACC-CPU,152,samples,205,M
chifflot-4,skylake-avx512,der1der1,OpenACC-CPU,152,time,3.045852,s
chifflot-4,skylake-avx512,der1der1hm,OpenMP,408,samples,319,M
chifflot-4,skylake-avx512,der1der1hm,OpenMP,408,time,26.671219,s
chifflot-4,skylake-avx512,original,OpenACC-CPU,312,samples,293,M
chifflot-4,skylake-avx512,original,OpenACC-CPU,312,time,13.877965,s
chifflot-4,skylake-avx512,der1der1,OpenACC-GPU,152,samples,1765,M
chifflot-4,skylake-avx512,der1der1,OpenACC-GPU,152,time,0.352963,s
chifflot-4,skylake-avx512,original,OpenMP,120,samples,229,M
chifflot-4,skylake-avx512,original,OpenMP,120,time,1.531260,s
chifflot-4,skylake-avx512,original,OpenACC-GPU,248,samples,262,M
chifflot-4,skylake-avx512,original,OpenACC-GPU,248,time,8.378622,s
chifflot-4,skylake-avx512,original,OpenACC-GPU,312,samples,248,M
chifflot-4,skylake-avx512,original,OpenACC-GPU,312,time,16.412342,s
chifflot-4,skylake-avx512,der1der1hm,OpenACC-CPU,312,samples,275,M
chifflot-4,skylake-avx512,der1der1hm,OpenACC-CPU,312,time,14.810158,s
chifflot-4,skylake-avx512,der1der1lm,CUDA,472,samples,1264,M
chifflot-4,skylake-avx512,der1der1lm,CUDA,472,time,10.125946,s
chifflot-4,skylake-avx512,original,OpenACC-CPU,376,samples,304,M
chifflot-4,skylake-avx512,original,OpenACC-CPU,376,time,22.375151,s
chifflot-4,skylake-avx512,original,OpenACC-CPU,56,samples,174,M
chifflot-4,skylake-avx512,original,OpenACC-CPU,56,time,0.391780,s
chifflot-4,skylake-avx512,der1der1,CUDA,312,samples,1300,M
chifflot-4,skylake-avx512,der1der1,CUDA,312,time,3.131684,s
chifflot-4,skylake-avx512,der1der1lm,OpenACC-CPU,536,samples,275,M
chifflot-4,skylake-avx512,der1der1lm,OpenACC-CPU,536,time,66.660296,s
chifflot-4,skylake-avx512,der1der1hm,OpenACC-GPU,536,samples,1309,M
chifflot-4,skylake-avx512,der1der1hm,OpenACC-GPU,536,time,14.001892,s
chifflot-4,skylake-avx512,der1der1hm,OpenACC-GPU,152,samples,799,M
chifflot-4,skylake-avx512,der1der1hm,OpenACC-GPU,152,time,0.779669,s
chifflot-4,skylake-avx512,der1der1hm,OpenACC-GPU,88,samples,590,M
chifflot-4,skylake-avx512,der1der1hm,OpenACC-GPU,88,time,0.292736,s
chifflot-4,skylake-avx512,der1der1,OpenACC-CPU,536,samples,311,M
chifflot-4,skylake-avx512,der1der1,OpenACC-CPU,536,time,58.845000,s
chifflot-4,skylake-avx512,original,OpenACC-CPU,24,samples,72,M
chifflot-4,skylake-avx512,original,OpenACC-CPU,24,time,0.243935,s
chifflot-4,skylake-avx512,original,OpenACC-GPU,408,samples,236,M
chifflot-4,skylake-avx512,original,OpenACC-GPU,408,time,36.089037,s
chifflot-4,skylake-avx512,der1der1lm,CUDA,536,samples,1299,M
chifflot-4,skylake-avx512,der1der1lm,CUDA,536,time,14.104675,s
chifflot-4,skylake-avx512,original,OpenACC-GPU,216,samples,268,M
chifflot-4,skylake-avx512,original,OpenACC-GPU,216,time,5.696050,s
chifflot-4,skylake-avx512,der1der1,OpenACC-GPU,184,samples,1754,M
chifflot-4,skylake-avx512,der1der1,OpenACC-GPU,184,time,0.574503,s
chifflot-4,skylake-avx512,der1der1lm,OpenACC-GPU,312,samples,927,M
chifflot-4,skylake-avx512,der1der1lm,OpenACC-GPU,312,time,4.391155,s
chifflot-4,skylake-avx512,der1der1lm,OpenACC-GPU,120,samples,429,M
chifflot-4,skylake-avx512,der1der1lm,OpenACC-GPU,120,time,0.817831,s
chifflot-4,skylake-avx512,der1der1,CUDA,376,samples,1302,M
chifflot-4,skylake-avx512,der1der1,CUDA,376,time,5.216851,s
chifflot-4,skylake-avx512,der1der1,CUDA,56,samples,626,M
chifflot-4,skylake-avx512,der1der1,CUDA,56,time,0.108897,s
chifflot-4,skylake-avx512,der1der1lm,OpenACC-GPU,376,samples,1050,M
chifflot-4,skylake-avx512,der1der1lm,OpenACC-GPU,376,time,6.465847,s
chifflot-4,skylake-avx512,der1der1hm,OpenMP,376,samples,295,M
chifflot-4,skylake-avx512,der1der1hm,OpenMP,376,time,23.023396,s
chifflot-4,skylake-avx512,der1der1lm,OpenACC-GPU,472,samples,1175,M
chifflot-4,skylake-avx512,der1der1lm,OpenACC-GPU,472,time,10.897820,s
chifflot-4,skylake-avx512,der1der1hm,CUDA,312,samples,1070,M
chifflot-4,skylake-avx512,der1der1hm,CUDA,312,time,3.804850,s
chifflot-4,skylake-avx512,der1der1hm,CUDA,408,samples,1213,M
chifflot-4,skylake-avx512,der1der1hm,CUDA,408,time,7.022193,s
chifflot-4,skylake-avx512,der1der1,OpenACC-GPU,536,samples,1120,M
chifflot-4,skylake-avx512,der1der1,OpenACC-GPU,536,time,16.362793,s
chifflot-4,skylake-avx512,der1der1hm,CUDA,88,samples,477,M
chifflot-4,skylake-avx512,der1der1hm,CUDA,88,time,0.362638,s
chifflot-4,skylake-avx512,original,CUDA,344,samples,714,M
chifflot-4,skylake-avx512,original,CUDA,344,time,7.445937,s
chifflot-4,skylake-avx512,original,OpenMP,504,samples,222,M
chifflot-4,skylake-avx512,original,OpenMP,504,time,69.477200,s
chifflot-4,skylake-avx512,der1der1hm,CUDA,120,samples,666,M
chifflot-4,skylake-avx512,der1der1hm,CUDA,120,time,0.527316,s
chifflot-4,skylake-avx512,der1der1,OpenACC-GPU,472,samples,1437,M
chifflot-4,skylake-avx512,der1der1,OpenACC-GPU,472,time,8.907980,s
chifflot-4,skylake-avx512,der1der1hm,OpenACC-CPU,504,samples,265,M
chifflot-4,skylake-avx512,der1der1hm,OpenACC-CPU,504,time,58.182203,s
